"datetime","date","account_type","category","type","asset_class","name","symbol","shares","price","amount","fee","tax","currency","original_amount","original_currency","fx_rate","description","transaction_id","counterparty_name","counterparty_iban","payment_reference","mcc_code"
"2026-09-02T01:52:30.541331Z","2026-09-02","DEFAULT","CASH","CUSTOMER_INPAYMENT","","Roméo Talla Fotsing","","","","50.000000","","","EUR","","","","Direct Debit Top up with DE16300209005310514271","01a05fd1-594d-7475-88a2-6f77725e5253","Roméo Talla Fotsing","DE16300209005310514271","",""
"2026-09-02T14:17:57.839Z","2026-09-02","DEFAULT","TRADING","BUY","FUND","MSCI World Health Care USD (Acc)","IE00BM67HK77","0.9074410000","55.1000000000","-50.00","","","EUR","","","","Savings plan execution IE00BM67HK77 Xtrackers (IE) Plc - Xtrackers MSCI World Health Care UCITS ETF 1C, quantity: 0.907441","2d8c0e21-1c74-476a-8350-201be9299b33","","","",""
"2026-09-15T09:13:43.441391Z","2026-09-15","DEFAULT","CASH","TRANSFER_INSTANT_INBOUND","","ROMEO TALLA FOTSING","","","","51.000000","","","EUR","","","","Incoming transfer from ROMEO TALLA FOTSING (DE16300209005310514271)","01a0a457-f711-7528-a506-b472a6060076","ROMEO TALLA FOTSING","DE16300209005310514271","",""
"2026-09-15T09:46:13.925Z","2026-09-15","DEFAULT","TRADING","BUY","STOCK","DroneShield","AU000000DRO2","50.0000000000","1.0000000000","-50.00","-1.00","","EUR","","","","Buy trade AU000000DRO2 DRONESHIELD LTD, quantity: 50","507dc903-6fc3-4a95-9113-dc132feed07c","","","",""
"2026-09-15T14:58:46.142904Z","2026-09-15","DEFAULT","CASH","TRANSFER_INSTANT_INBOUND","","ROMEO TALLA FOTSING","","","","51.000000","","","EUR","","","","Incoming transfer from ROMEO TALLA FOTSING (DE16300209005310514271)","01a0a593-dcfe-701d-a3d1-67923c602d99","ROMEO TALLA FOTSING","DE16300209005310514271","",""
"2026-09-15T14:59:26.797Z","2026-09-15","DEFAULT","TRADING","BUY","FUND","Drone USD (ACC)","IE0003XW12I8","10.4832790000","4.7695000000","-50.00","-1.00","","EUR","","","","Buy trade IE0003XW12I8 HANetf II ICAV - Defiance Drone UCITS ETF - Accumulating, quantity: 10.483279","d749894e-af0c-4498-aa23-6d4415060525","","","",""
"2026-09-16T05:12:17.266Z","2026-09-16","DEFAULT","TRADING","SELL","CRYPTO","Solana","SOL","-8.1041240000","82.6070000000","669.46","-1.00","","EUR","","","","Sell trade XF000SOL0012 Solana, quantity: 8.104124","15b8f77d-1ecd-4b40-bdb5-c0a0307e04dd","","","",""
"2026-09-16T05:13:45.929050Z","2026-09-16","DEFAULT","CASH","TRANSFER_INSTANT_OUTBOUND","","ROMEO TALLA FOTSING","","","","-668.650000","","","EUR","","","","Outgoing transfer for ROMEO TALLA FOTSING (DE16300209005310514271)","01a0a8a2-a2c9-7a5b-9106-6efd0127cda6","ROMEO TALLA FOTSING","DE16300209005310514271","",""
"2026-09-16T06:45:08.557Z","2026-09-16","DEFAULT","TRADING","BUY","STOCK","Nike (B)","US6541061031","1.0000000000","31.5050000000","-31.51","-1.00","","EUR","","","","Buy trade US6541061031 NIKE INC CL B, quantity: 1","4c10e4d4-c3bd-4c0e-a5cb-4d8cf37e97bd","","","",""
"2026-09-16T06:45:08.917135Z","2026-09-16","DEFAULT","CASH","TRANSFER_INSTANT_INBOUND","","ROMEO TALLA FOTSING","","","","33.000000","","","EUR","","","","Incoming transfer from ROMEO TALLA FOTSING (DE16300209005310514271)","01a0a8f6-4cb5-7fd7-919f-202e94e555a0","ROMEO TALLA FOTSING","DE16300209005310514271","",""
